escenario,escenario_label,id,origen,destino,factor_desviacion,dist_red_km,dist_recta_km,sistemas,categoria_df
scenario_mb,MB (BRT),Punto cerca de Calzada de Tlalpan - Cerro de Jesús_Punto cerca de Chabacano,Punto cerca de Calzada de Tlalpan - Cerro de Jesús,Punto cerca de Chabacano,1.01,7.22,7.13,"['CC', 'METRO']",eficiente
scenario_mb,MB (BRT),Punto cerca de Frente a No. 480_Punto cerca de Vocacional 4,Punto cerca de Frente a No. 480,Punto cerca de Vocacional 4,1.09,15.61,14.38,['RTP'],eficiente
scenario_mb,MB (BRT),Punto cerca de Av. Insurgentes_Punto cerca de Baja California y Nuevo León,Punto cerca de Av. Insurgentes,Punto cerca de Baja California y Nuevo León,1.14,7.24,6.33,"['RTP', 'MB', 'CC']",eficiente
scenario_mb,MB (BRT),Punto cerca de Carretera Federal a Cuernavaca - El Cantil_Punto cerca de Eucalipto,Punto cerca de Carretera Federal a Cuernavaca - El Cantil,Punto cerca de Eucalipto,1.15,45.24,39.23,"['RTP', 'METRO']",eficiente
scenario_mb,MB (BRT),Punto cerca de Revolución y Felipe Villa Nueva_Punto cerca de Homero,Punto cerca de Revolución y Felipe Villa Nueva,Punto cerca de Homero,1.15,9.67,8.42,"['CC', 'METRO', 'TROLE', 'RTP']",eficiente
scenario_mb,MB (BRT),Punto cerca de Juventino Rosas_Punto cerca de Eje 1 Ote. Anillo de Circunvalación y República de El Salvador,Punto cerca de Juventino Rosas,Punto cerca de Eje 1 Ote. Anillo de Circunvalación y República de El Salvador,1.16,3.79,3.27,"['TROLE', 'MB', 'CC']",eficiente
scenario_mb,MB (BRT),Punto cerca de Especialidades Médicas_Punto cerca de Base Metro Pantitlán,Punto cerca de Especialidades Médicas,Punto cerca de Base Metro Pantitlán,1.16,18.82,16.27,"['CC', 'METRO']",eficiente
scenario_mb,MB (BRT),Punto cerca de Yobain_Punto cerca de Barranca del Muerto,Punto cerca de Yobain,Punto cerca de Barranca del Muerto,1.17,11.24,9.59,"['RTP', 'CC']",eficiente
scenario_mb,MB (BRT),Punto cerca de Arbol_Punto cerca de Viaducto y Congreso de la Unión 2,Punto cerca de Arbol,Punto cerca de Viaducto y Congreso de la Unión 2,1.17,18.22,15.59,"['CC', 'SUB', 'METRO']",eficiente
scenario_mb,MB (BRT),Punto cerca de Chedraui_Punto cerca de Vicente Guerrero,Punto cerca de Chedraui,Punto cerca de Vicente Guerrero,1.19,32.0,26.95,"['RTP', 'METRO', 'MB', 'SUB', 'CC']",eficiente
scenario_mb,MB (BRT),Punto cerca de Álvaro Obregón -  Tepetzingo_Punto cerca de Norte 72 A,Punto cerca de Álvaro Obregón -  Tepetzingo,Punto cerca de Norte 72 A,1.2,27.66,22.99,"['CC', 'TL', 'RTP', 'METRO', 'MB']",eficiente
scenario_mb,MB (BRT),Punto cerca de Av. de las Culturas - Alfareros_Punto cerca de Pumitas,Punto cerca de Av. de las Culturas - Alfareros,Punto cerca de Pumitas,1.2,24.51,20.51,"['RTP', 'TROLE', 'METRO', 'CC', 'PUMABUS']",eficiente
scenario_mb,MB (BRT),Punto cerca de Acoxpa - La Teja_Punto cerca de Anillo Periférico Canal de Garay - 5 de Mayo,Punto cerca de Acoxpa - La Teja,Punto cerca de Anillo Periférico Canal de Garay - 5 de Mayo,1.2,9.65,8.05,"['RTP', 'MB']",eficiente
scenario_mb,MB (BRT),Punto cerca de Kilometro 24.5_Punto cerca de Av. Presidentes - Calz. de Tlalpan,Punto cerca de Kilometro 24.5,Punto cerca de Av. Presidentes - Calz. de Tlalpan,1.21,17.12,14.16,"['RTP', 'TL']",eficiente
scenario_mb,MB (BRT),Punto cerca de Ricarte_Punto cerca de La Virgen,Punto cerca de Ricarte,Punto cerca de La Virgen,1.21,21.02,17.44,"['RTP', 'METRO', 'TL']",eficiente
scenario_mb,MB (BRT),Punto cerca de Pino Suárez_Punto cerca de Emiliano Zapata,Punto cerca de Pino Suárez,Punto cerca de Emiliano Zapata,1.21,17.24,14.22,"['METRO', 'MB', 'CC', 'RTP']",eficiente
scenario_mb,MB (BRT),Punto cerca de Periférico - Tlalpan_Punto cerca de Santa Apolonia y Av. Ferrocarriles,Punto cerca de Periférico - Tlalpan,Punto cerca de Santa Apolonia y Av. Ferrocarriles,1.22,25.08,20.63,"['CC', 'RTP', 'MB', 'TROLE', 'METRO']",eficiente
scenario_mb,MB (BRT),Punto cerca de Paseo de las Palmas - Monte Tabor_Punto cerca de Calz. Guadalupe,Punto cerca de Paseo de las Palmas - Monte Tabor,Punto cerca de Calz. Guadalupe,1.22,13.11,10.72,"['CC', 'MB', 'TROLE', 'RTP']",eficiente
scenario_mb,MB (BRT),Punto cerca de Vicente Guerrero y José María Morelos_Punto cerca de Periférico - Mercado San Juan,Punto cerca de Vicente Guerrero y José María Morelos,Punto cerca de Periférico - Mercado San Juan,1.22,19.61,16.04,"['RTP', 'MB', 'CC']",eficiente
scenario_mb,MB (BRT),Punto cerca de Eje 1 Sur Gral. Francisco Morazán - Av. 8 Calle 23_Punto cerca de Calz. San Bartolo - Sanctorum,Punto cerca de Eje 1 Sur Gral. Francisco Morazán - Av. 8 Calle 23,Punto cerca de Calz. San Bartolo - Sanctorum,1.22,15.69,12.9,"['CC', 'RTP', 'METRO']",eficiente
scenario_mb,MB (BRT),Punto cerca de Sur 20 y Oriente 245_Punto cerca de José Loreto Fabela y Av. 414,Punto cerca de Sur 20 y Oriente 245,Punto cerca de José Loreto Fabela y Av. 414,1.23,10.85,8.85,"['CC', 'METRO']",eficiente
scenario_mb,MB (BRT),Punto cerca de Cracovia Sumesa_Punto cerca de Guillain,Punto cerca de Cracovia Sumesa,Punto cerca de Guillain,1.23,3.36,2.72,['RTP'],eficiente
scenario_mb,MB (BRT),Punto cerca de Viaducto Tlalpan - San Fernando_Punto cerca de Platanales,Punto cerca de Viaducto Tlalpan - San Fernando,Punto cerca de Platanales,1.23,25.11,20.43,"['RTP', 'TL', 'METRO']",eficiente
scenario_mb,MB (BRT),Punto cerca de Periférico - Huipulco_Punto cerca de Circuito Interior - Hospital de la Raza,Punto cerca de Periférico - Huipulco,Punto cerca de Circuito Interior - Hospital de la Raza,1.23,23.01,18.74,"['CC', 'TL', 'RTP', 'METRO', 'MB']",eficiente
scenario_mb,MB (BRT),Punto cerca de 2da. Cda. Torres de Tepito_Punto cerca de Minerva,Punto cerca de 2da. Cda. Torres de Tepito,Punto cerca de Minerva,1.24,36.36,29.29,"['CC', 'METRO', 'RTP']",eficiente
scenario_mb,MB (BRT),Punto cerca de Sobre Calz. De Tlalpan y Benito Juárez_Punto cerca de Tierra Indomita,Punto cerca de Sobre Calz. De Tlalpan y Benito Juárez,Punto cerca de Tierra Indomita,1.24,26.5,21.45,"['CC', 'TL', 'TROLE', 'METRO']",eficiente
scenario_mb,MB (BRT),Punto cerca de Calle 4_Punto cerca de Anillo Periférico Blvd. Adolfo Ruiz Cortines - Cefiro,Punto cerca de Calle 4,Punto cerca de Anillo Periférico Blvd. Adolfo Ruiz Cortines - Cefiro,1.24,12.12,9.76,"['RTP', 'CC', 'METRO', 'TROLE', 'MB']",eficiente
scenario_mb,MB (BRT),Punto cerca de Viaducto Tlalpan - San Fernando_Punto cerca de Ribera de San Cosme - Gabino Barreda,Punto cerca de Viaducto Tlalpan - San Fernando,Punto cerca de Ribera de San Cosme - Gabino Barreda,1.24,21.42,17.32,"['RTP', 'TL', 'METRO', 'CC']",eficiente
scenario_mb,MB (BRT),Punto cerca de Av. Río San Joaquin - Moliere_Punto cerca de Aldebaran,Punto cerca de Av. Río San Joaquin - Moliere,Punto cerca de Aldebaran,1.24,19.07,15.32,"['CC', 'METRO', 'TROLE', 'RTP']",eficiente
scenario_mb,MB (BRT),Punto cerca de París_Punto cerca de Av. Cima,Punto cerca de París,Punto cerca de Av. Cima,1.25,12.91,10.37,"['TROLE', 'METRO', 'MB', 'CC']",eficiente
scenario_mb,MB (BRT),Punto cerca de Rosa María Sequeira - Mariquita Sánchez_Punto cerca de Canal de Tezontle,Punto cerca de Rosa María Sequeira - Mariquita Sánchez,Punto cerca de Canal de Tezontle,1.25,8.58,6.86,"['CC', 'RTP', 'TROLE']",eficiente
scenario_mb,MB (BRT),Punto cerca de San Simón - Sevilla_Punto cerca de Av. Universidad,Punto cerca de San Simón - Sevilla,Punto cerca de Av. Universidad,1.25,19.62,15.68,"['RTP', 'METRO', 'TROLE']",eficiente
scenario_mb,MB (BRT),Punto cerca de Anillo Periférico Sur - Van Dick y La Castañeda_Punto cerca de Puente Peatonal Panteón Militar,Punto cerca de Anillo Periférico Sur - Van Dick y La Castañeda,Punto cerca de Puente Peatonal Panteón Militar,1.27,17.56,13.79,"['RTP', 'TROLE', 'METRO']",eficiente
scenario_mb,MB (BRT),Punto cerca de Eje 3 Norte Av. Cuitlahuac - Nilo_Punto cerca de Camino a Santiago - Valle,Punto cerca de Eje 3 Norte Av. Cuitlahuac - Nilo,Punto cerca de Camino a Santiago - Valle,1.27,31.83,25.0,"['CC', 'TROLE', 'METRO', 'RTP']",eficiente
scenario_mb,MB (BRT),Punto cerca de Naucalpan_Punto cerca de Circuito Interior y Martires de la Conquista,Punto cerca de Naucalpan,Punto cerca de Circuito Interior y Martires de la Conquista,1.27,12.23,9.61,"['MB', 'CC']",eficiente
scenario_mb,MB (BRT),Punto cerca de Insurgentes_Punto cerca de Gabriel Ramos Millan,Punto cerca de Insurgentes,Punto cerca de Gabriel Ramos Millan,1.27,33.91,26.75,"['RTP', 'METRO', 'TROLE']",eficiente
scenario_mb,MB (BRT),Punto cerca de Sur 16 y Sur 12C_Punto cerca de Av. Tláhuac - Amado Nervo,Punto cerca de Sur 16 y Sur 12C,Punto cerca de Av. Tláhuac - Amado Nervo,1.28,13.22,10.37,"['CC', 'MB', 'METRO', 'RTP']",eficiente
scenario_mb,MB (BRT),Punto cerca de Calle Norte 23A_Punto cerca de Av. 3,Punto cerca de Calle Norte 23A,Punto cerca de Av. 3,1.28,22.14,17.34,"['CC', 'MB', 'METRO', 'TROLE', 'RTP']",eficiente
scenario_mb,MB (BRT),Punto cerca de Desembocadura_Punto cerca de Pino Suárez Sur,Punto cerca de Desembocadura,Punto cerca de Pino Suárez Sur,1.28,14.37,11.22,"['CC', 'METRO', 'MB']",eficiente
scenario_mb,MB (BRT),Punto cerca de Maestro Rural - Av. de los Maestros_Punto cerca de Gaston Santos - Fermin Espinoza,Punto cerca de Maestro Rural - Av. de los Maestros,Punto cerca de Gaston Santos - Fermin Espinoza,1.28,28.78,22.42,"['CC', 'METRO', 'RTP']",eficiente
scenario_mb,MB (BRT),Punto cerca de Primera Cerrada de Minas_Punto cerca de Calz. Ignacio Zaragoza - Elba,Punto cerca de Primera Cerrada de Minas,Punto cerca de Calz. Ignacio Zaragoza - Elba,1.29,23.9,18.46,"['RTP', 'METRO']",eficiente
scenario_mb,MB (BRT),Punto cerca de Desembocadura_Punto cerca de Anillo de Circunvalación - Adolfo Gurrion,Punto cerca de Desembocadura,Punto cerca de Anillo de Circunvalación - Adolfo Gurrion,1.29,14.66,11.39,"['CC', 'METRO', 'RTP']",eficiente
scenario_mb,MB (BRT),Punto cerca de Valle_Punto cerca de Av. del  Valle del Yang-Tse y Av. Central,Punto cerca de Valle,Punto cerca de Av. del  Valle del Yang-Tse y Av. Central,1.29,33.3,25.78,"['RTP', 'METRO', 'TROLE', 'MB', 'CC']",eficiente
scenario_mb,MB (BRT),Punto cerca de Tarango I_Punto cerca de Zaragoza,Punto cerca de Tarango I,Punto cerca de Zaragoza,1.3,24.88,19.08,"['CC', 'METRO', 'RTP']",eficiente
scenario_mb,MB (BRT),Punto cerca de Benito Juárez_Punto cerca de Alta Tensión - Eucalipto y Cuahuiticulititla,Punto cerca de Benito Juárez,Punto cerca de Alta Tensión - Eucalipto y Cuahuiticulititla,1.3,12.1,9.33,"['RTP', 'TL', 'CC']",eficiente
scenario_mb,MB (BRT),Punto cerca de Carretera Federal a Cuernavaca - Tlatempa_Punto cerca de Octavio Senties - Aldama,Punto cerca de Carretera Federal a Cuernavaca - Tlatempa,Punto cerca de Octavio Senties - Aldama,1.3,26.38,20.29,"['RTP', 'MB', 'TROLE']",eficiente
scenario_mb,MB (BRT),Punto cerca de Av. Fabián Flores-Benito Juárez_Punto cerca de Apatlaco,Punto cerca de Av. Fabián Flores-Benito Juárez,Punto cerca de Apatlaco,1.3,18.52,14.22,"['RTP', 'CC', 'TL']",eficiente
scenario_mb,MB (BRT),Punto cerca de Calz. San Antonio Abad - Metro San Antonio Abad_Punto cerca de Av. San Jerónimo - Luis Cabrera,Punto cerca de Calz. San Antonio Abad - Metro San Antonio Abad,Punto cerca de Av. San Jerónimo - Luis Cabrera,1.3,19.92,15.31,"['RTP', 'METRO', 'CC', 'MB']",eficiente
scenario_mb,MB (BRT),Punto cerca de Av. Morelos y Radames TreviNo_Punto cerca de Eje 3 Norte Av. Cuitlahuac - México-Tacuba,Punto cerca de Av. Morelos y Radames TreviNo,Punto cerca de Eje 3 Norte Av. Cuitlahuac - México-Tacuba,1.3,12.44,9.6,"['CC', 'METRO', 'RTP']",eficiente
scenario_mb,MB (BRT),Punto cerca de Villa de Cortés_Punto cerca de Av. Cuauhtémoc y Cerrada Acueducto,Punto cerca de Villa de Cortés,Punto cerca de Av. Cuauhtémoc y Cerrada Acueducto,1.3,23.03,17.73,"['METRO', 'RTP', 'TL', 'CC']",eficiente
scenario_mb,MB (BRT),Punto cerca de Benito Juárez_Punto cerca de Central De Abastos,Punto cerca de Benito Juárez,Punto cerca de Central De Abastos,1.31,0.42,0.32,['MEXIBÚS'],moderado
scenario_mb,MB (BRT),Punto cerca de Av. Horacio y Sudermann_Punto cerca de Cedral - Emiliano Zapata,Punto cerca de Av. Horacio y Sudermann,Punto cerca de Cedral - Emiliano Zapata,1.31,24.65,18.84,"['CC', 'METRO', 'RTP']",moderado
scenario_mb,MB (BRT),Punto cerca de Centro Médico_Punto cerca de Hocaba,Punto cerca de Centro Médico,Punto cerca de Hocaba,1.31,21.29,16.22,"['METRO', 'TROLE', 'MB', 'CC', 'RTP']",moderado
scenario_mb,MB (BRT),Punto cerca de Av. Chicago_Punto cerca de Viaducto Río de la Piedad y metro Velódromo,Punto cerca de Av. Chicago,Punto cerca de Viaducto Río de la Piedad y metro Velódromo,1.31,15.11,11.52,"['RTP', 'METRO', 'CC']",moderado
scenario_mb,MB (BRT),Punto cerca de Miguel de Cervantes S. y Privada Cervantes_Punto cerca de Emiliano Zapata - Canal del Norte,Punto cerca de Miguel de Cervantes S. y Privada Cervantes,Punto cerca de Emiliano Zapata - Canal del Norte,1.31,45.11,34.33,"['CC', 'METRO', 'TROLE', 'RTP']",moderado
scenario_mb,MB (BRT),Punto cerca de 5 de Mayo - Agustín Iturbide_Punto cerca de San Bartolomé Xicomulco - Av. Juárez y Francisco I. Madero,Punto cerca de 5 de Mayo - Agustín Iturbide,Punto cerca de San Bartolomé Xicomulco - Av. Juárez y Francisco I. Madero,1.31,0.2,0.16,['RTP'],moderado
scenario_mb,MB (BRT),Punto cerca de Constituyentes y José Vasconcelos_Punto cerca de Farallon,Punto cerca de Constituyentes y José Vasconcelos,Punto cerca de Farallon,1.31,14.57,11.13,"['CC', 'METRO', 'RTP', 'MB']",moderado
scenario_mb,MB (BRT),Punto cerca de Rivera de Cupia_Punto cerca de Héroe de Nacozari,Punto cerca de Rivera de Cupia,Punto cerca de Héroe de Nacozari,1.32,16.77,12.74,"['RTP', 'METRO', 'MB']",moderado
scenario_mb,MB (BRT),Punto cerca de Av. San Jerónimo - Oasis_Punto cerca de Circuito Interior - Guillermo Prieto,Punto cerca de Av. San Jerónimo - Oasis,Punto cerca de Circuito Interior - Guillermo Prieto,1.32,23.16,17.48,"['RTP', 'MB', 'CC', 'METRO']",moderado
scenario_mb,MB (BRT),Punto cerca de Calle 15 y Calz. Ignacio Zaragoza_Punto cerca de Calz. Ignacio Zaragoza - Fray Jesús Almanza,Punto cerca de Calle 15 y Calz. Ignacio Zaragoza,Punto cerca de Calz. Ignacio Zaragoza - Fray Jesús Almanza,1.32,8.89,6.75,"['CC', 'METRO', 'RTP']",moderado
scenario_mb,MB (BRT),Punto cerca de Av. Azcapotzalco - Castilla Oriente_Punto cerca de Río Churubusco - Canela,Punto cerca de Av. Azcapotzalco - Castilla Oriente,Punto cerca de Río Churubusco - Canela,1.33,17.6,13.22,"['RTP', 'METRO', 'MB', 'TROLE']",moderado
scenario_mb,MB (BRT),Punto cerca de 16 de Septiembre - Constitución_Punto cerca de Lago Bolsena,Punto cerca de 16 de Septiembre - Constitución,Punto cerca de Lago Bolsena,1.33,37.6,28.19,"['RTP', 'CC', 'TL', 'METRO']",moderado
scenario_mb,MB (BRT),Punto cerca de Guadalupe Inclan Ramírez - Conalep 12_Punto cerca de Persía,Punto cerca de Guadalupe Inclan Ramírez - Conalep 12,Punto cerca de Persía,1.34,26.24,19.52,"['CC', 'TL', 'RTP', 'METRO', 'TROLE']",moderado
scenario_mb,MB (BRT),Punto cerca de Frente a Colegio Westhill_Punto cerca de Independencia,Punto cerca de Frente a Colegio Westhill,Punto cerca de Independencia,1.34,20.7,15.4,"['RTP', 'METRO', 'TROLE']",moderado
scenario_mb,MB (BRT),Punto cerca de 18 de Julio_Punto cerca de Francisco Ignacio Madero,Punto cerca de 18 de Julio,Punto cerca de Francisco Ignacio Madero,1.34,33.35,24.89,"['RTP', 'METRO', 'TROLE', 'MB', 'CC']",moderado
scenario_mb,MB (BRT),Punto cerca de Periférico - Murillo_Punto cerca de San Gregorio - Oaxtepec y Texomulco,Punto cerca de Periférico - Murillo,Punto cerca de San Gregorio - Oaxtepec y Texomulco,1.34,31.18,23.3,"['CC', 'TROLE', 'METRO', 'TL']",moderado
scenario_mb,MB (BRT),Punto cerca de Las Flores_Punto cerca de Anillo Periférico Canal de Garay - Chimalhuacan,Punto cerca de Las Flores,Punto cerca de Anillo Periférico Canal de Garay - Chimalhuacan,1.34,21.93,16.41,"['CC', 'METRO', 'MB', 'RTP']",moderado
scenario_mb,MB (BRT),Punto cerca de Punto 42_Punto cerca de De las Torres - Pozos,Punto cerca de Punto 42,Punto cerca de De las Torres - Pozos,1.34,27.3,20.3,"['CC', 'METRO', 'TROLE', 'RTP']",moderado
scenario_mb,MB (BRT),Punto cerca de Zaragoza - Mina_Punto cerca de Av. Nuevo León y Del Puente,Punto cerca de Zaragoza - Mina,Punto cerca de Av. Nuevo León y Del Puente,1.35,28.9,21.36,"['RTP', 'TROLE', 'METRO', 'CC', 'TL']",moderado
scenario_mb,MB (BRT),Punto cerca de Carr. Xochimilco Tulyehualco y Embarcadero Zacapa_Punto cerca de Henry Ford,Punto cerca de Carr. Xochimilco Tulyehualco y Embarcadero Zacapa,Punto cerca de Henry Ford,1.35,32.92,24.38,"['CC', 'TL', 'RTP', 'METRO', 'MB']",moderado
scenario_mb,MB (BRT),Punto cerca de Anillo Periférico Canal de Garay - Pirules_Punto cerca de Vicente Guerrero - San Juan de Ulua,Punto cerca de Anillo Periférico Canal de Garay - Pirules,Punto cerca de Vicente Guerrero - San Juan de Ulua,1.35,19.47,14.37,"['RTP', 'MB', 'METRO']",moderado
scenario_mb,MB (BRT),Punto cerca de Av. Ferrocarril Hidalgo - Tesoro_Punto cerca de Sobre Av. División del Norte y Angel Urraza,Punto cerca de Av. Ferrocarril Hidalgo - Tesoro,Punto cerca de Sobre Av. División del Norte y Angel Urraza,1.35,15.19,11.24,"['RTP', 'CC', 'METRO']",moderado
scenario_mb,MB (BRT),Punto cerca de Ceylan_Punto cerca de Ansar,Punto cerca de Ceylan,Punto cerca de Ansar,1.36,32.54,23.91,"['TROLE', 'RTP', 'METRO', 'MB', 'CC']",moderado
scenario_mb,MB (BRT),Punto cerca de Corregidora_Punto cerca de Pekin y Av. África,Punto cerca de Corregidora,Punto cerca de Pekin y Av. África,1.36,26.02,19.14,"['MB', 'METRO', 'TROLE', 'CC']",moderado
scenario_mb,MB (BRT),Punto cerca de Calle 509_Punto cerca de Autopista México-Cuernavaca y Panteón Militar,Punto cerca de Calle 509,Punto cerca de Autopista México-Cuernavaca y Panteón Militar,1.36,31.34,22.98,"['TROLE', 'CC', 'METRO', 'RTP']",moderado
scenario_mb,MB (BRT),Punto cerca de Av. Chapultepec - Metro Chapultepec_Punto cerca de Carretera Xochimilco-San Pablo - Fresno,Punto cerca de Av. Chapultepec - Metro Chapultepec,Punto cerca de Carretera Xochimilco-San Pablo - Fresno,1.37,31.33,22.88,"['CC', 'RTP', 'METRO', 'TL']",moderado
scenario_mb,MB (BRT),Punto cerca de Río San Joaquín_Punto cerca de Av. Constituyentes - UVM,Punto cerca de Río San Joaquín,Punto cerca de Av. Constituyentes - UVM,1.37,17.04,12.45,"['MB', 'CC', 'METRO', 'RTP']",moderado
scenario_mb,MB (BRT),Punto cerca de Calz. Ignacio Zaragoza - Trinidad Salgado_Punto cerca de Tlalpan - San Fernando Cent.,Punto cerca de Calz. Ignacio Zaragoza - Trinidad Salgado,Punto cerca de Tlalpan - San Fernando Cent.,1.37,22.16,16.2,"['RTP', 'MB', 'CC']",moderado
scenario_mb,MB (BRT),Punto cerca de Base CETRAM Tacubaya_Punto cerca de Eje 1 Norte 17 - Oriente 142,Punto cerca de Base CETRAM Tacubaya,Punto cerca de Eje 1 Norte 17 - Oriente 142,1.37,12.79,9.3,"['CC', 'METRO']",moderado
scenario_mb,MB (BRT),Punto cerca de Canal de Miramontes_Punto cerca de C. C. Barranca de Guadalupe,Punto cerca de Canal de Miramontes,Punto cerca de C. C. Barranca de Guadalupe,1.37,16.5,12.02,"['TROLE', 'METRO', 'MB', 'RTP']",moderado
scenario_mb,MB (BRT),Punto cerca de Piste_Punto cerca de Eje 4 Oriente Canal Río Churubusco - Sur 8,Punto cerca de Piste,Punto cerca de Eje 4 Oriente Canal Río Churubusco - Sur 8,1.38,27.4,19.8,"['RTP', 'METRO', 'CC']",moderado
scenario_mb,MB (BRT),Punto cerca de Castellanos Quinto_Punto cerca de Octavio Senties - Eje 5 Sur Av. de las Torres,Punto cerca de Castellanos Quinto,Punto cerca de Octavio Senties - Eje 5 Sur Av. de las Torres,1.4,18.57,13.27,"['RTP', 'TROLE', 'METRO', 'MB']",moderado
scenario_mb,MB (BRT),Punto cerca de Calle 549_Punto cerca de Francisco Goytia,Punto cerca de Calle 549,Punto cerca de Francisco Goytia,1.4,29.77,21.29,"['TROLE', 'METRO', 'MB', 'RTP']",moderado
scenario_mb,MB (BRT),Punto cerca de Norte 172 - Norte 25_Punto cerca de Aquiles Serdán -Golfo Siam,Punto cerca de Norte 172 - Norte 25,Punto cerca de Aquiles Serdán -Golfo Siam,1.4,14.74,10.55,"['RTP', 'METRO', 'CC']",moderado
scenario_mb,MB (BRT),Punto cerca de Tlalpan - BretaNa_Punto cerca de Eje 6 Sur Av. de las Torres - Juan Escutia,Punto cerca de Tlalpan - BretaNa,Punto cerca de Eje 6 Sur Av. de las Torres - Juan Escutia,1.41,23.65,16.72,"['CC', 'METRO', 'RTP']",moderado
scenario_mb,MB (BRT),Punto cerca de Calz. Camarones y Poniente 54_Punto cerca de Hospital,Punto cerca de Calz. Camarones y Poniente 54,Punto cerca de Hospital,1.41,30.55,21.61,"['CC', 'MB', 'MEXIBÚS']",moderado
scenario_mb,MB (BRT),Punto cerca de Eje 1 Sur Gral. Francisco Morazán - Av. 8 Calle 77_Punto cerca de Eje 1 Canal de Miramontes - Coaplaza,Punto cerca de Eje 1 Sur Gral. Francisco Morazán - Av. 8 Calle 77,Punto cerca de Eje 1 Canal de Miramontes - Coaplaza,1.41,18.84,13.4,"['CC', 'METRO', 'MB', 'RTP']",moderado
scenario_mb,MB (BRT),Punto cerca de Norte 172 - Norte 21_Punto cerca de Otomíes - Lacandones,Punto cerca de Norte 172 - Norte 21,Punto cerca de Otomíes - Lacandones,1.41,27.46,19.48,"['RTP', 'METRO', 'CC']",moderado
scenario_mb,MB (BRT),Punto cerca de Circuito Interior - Norte 33_Punto cerca de Puente Peatonal Violeta,Punto cerca de Circuito Interior - Norte 33,Punto cerca de Puente Peatonal Violeta,1.42,28.71,20.18,"['CC', 'METRO', 'RTP']",moderado
scenario_mb,MB (BRT),Punto cerca de Barranca del Muerto_Punto cerca de Constitución de Apatzingan y frente a panadería León,Punto cerca de Barranca del Muerto,Punto cerca de Constitución de Apatzingan y frente a panadería León,1.43,20.26,14.2,"['CC', 'METRO']",moderado
scenario_mb,MB (BRT),Punto cerca de Miguel de Cervantes S. y Presa La Angostura_Punto cerca de Excélsior,Punto cerca de Miguel de Cervantes S. y Presa La Angostura,Punto cerca de Excélsior,1.43,13.38,9.33,"['CC', 'TROLE', 'MB']",moderado
scenario_mb,MB (BRT),Punto cerca de Deportivo Francisco Zarco_Punto cerca de Palo Santo,Punto cerca de Deportivo Francisco Zarco,Punto cerca de Palo Santo,1.44,22.27,15.47,"['TROLE', 'CC', 'METRO', 'RTP']",moderado
scenario_mb,MB (BRT),Punto cerca de Guadalupe Hidalgo_Punto cerca de José María Morelos,Punto cerca de Guadalupe Hidalgo,Punto cerca de José María Morelos,1.44,28.03,19.46,"['RTP', 'METRO', 'TROLE']",moderado
scenario_mb,MB (BRT),Punto cerca de Calz. Chabacano y Topacio_Punto cerca de Manuel González,Punto cerca de Calz. Chabacano y Topacio,Punto cerca de Manuel González,1.44,7.24,5.03,"['CC', 'METRO', 'TROLE']",moderado
scenario_mb,MB (BRT),Punto cerca de Oriente 95 y Norte 92_Punto cerca de Revolución y Eje 10 sur,Punto cerca de Oriente 95 y Norte 92,Punto cerca de Revolución y Eje 10 sur,1.45,23.69,16.39,"['CC', 'TROLE', 'METRO', 'RTP']",moderado
scenario_mb,MB (BRT),Punto cerca de Eje 5 Poniente_Punto cerca de Luna,Punto cerca de Eje 5 Poniente,Punto cerca de Luna,1.45,11.95,8.22,"['RTP', 'METRO', 'MB', 'CC']",moderado
scenario_mb,MB (BRT),Punto cerca de Juárez_Punto cerca de Calz. Ermita Iztapalapa - San Felipe de Jesús,Punto cerca de Juárez,Punto cerca de Calz. Ermita Iztapalapa - San Felipe de Jesús,1.46,17.36,11.93,"['MB', 'METRO', 'RTP']",moderado
scenario_mb,MB (BRT),Punto cerca de Indios Verdes_Punto cerca de Lauro Aguirre - Antonio Alzate,Punto cerca de Indios Verdes,Punto cerca de Lauro Aguirre - Antonio Alzate,1.46,10.6,7.28,"['MEXIBÚS', 'MB', 'METRO', 'RTP']",moderado
scenario_mb,MB (BRT),Punto cerca de Av. Aztecas y Rey Hueman_Punto cerca de Chimalpopoca,Punto cerca de Av. Aztecas y Rey Hueman,Punto cerca de Chimalpopoca,1.46,17.38,11.87,"['CC', 'RTP', 'TL', 'METRO']",moderado
scenario_mb,MB (BRT),Punto cerca de Escuela Naval Militar y San Lorenzo Tezonco_Punto cerca de Kilometro 25,Punto cerca de Escuela Naval Militar y San Lorenzo Tezonco,Punto cerca de Kilometro 25,1.47,16.51,11.23,"['CC', 'RTP', 'TROLE', 'TL']",moderado
scenario_mb,MB (BRT),Punto cerca de Calz. San Antonio Abad - José Tomas Cuellar_Punto cerca de Paseo de la Reforma - Blvd. Adolfo Lopez Mateos,Punto cerca de Calz. San Antonio Abad - José Tomas Cuellar,Punto cerca de Paseo de la Reforma - Blvd. Adolfo Lopez Mateos,1.47,10.54,7.17,"['RTP', 'CC', 'METRO']",moderado
scenario_mb,MB (BRT),Punto cerca de Av. Ojo de Agua - Ojo de Agua_Punto cerca de Deportivo Francisco Zarco,Punto cerca de Av. Ojo de Agua - Ojo de Agua,Punto cerca de Deportivo Francisco Zarco,1.47,34.79,23.73,"['RTP', 'MB', 'CC', 'METRO', 'TROLE']",moderado
scenario_mb,MB (BRT),Punto cerca de Temis_Punto cerca de Av. Revolución - Vicente Guerrero,Punto cerca de Temis,Punto cerca de Av. Revolución - Vicente Guerrero,1.48,40.1,27.17,"['CC', 'METRO', 'RTP']",moderado
scenario_mb,MB (BRT),Punto cerca de Kiff_Punto cerca de Cuauhtémoc - Paseo de la Hacienda Echegaray,Punto cerca de Kiff,Punto cerca de Cuauhtémoc - Paseo de la Hacienda Echegaray,1.49,21.67,14.55,"['TROLE', 'METRO', 'CC', 'MB']",moderado
scenario_mb,MB (BRT),Punto cerca de Alta Tensión - Encino_Punto cerca de Autopista México-Puebla - La Virgen,Punto cerca de Alta Tensión - Encino,Punto cerca de Autopista México-Puebla - La Virgen,1.5,31.42,20.96,"['CC', 'RTP', 'MB', 'TROLE']",moderado
scenario_mb,MB (BRT),Punto cerca de Palmas - Lic. Braulio Maldonado_Punto cerca de Av. Horacio y La Martine,Punto cerca de Palmas - Lic. Braulio Maldonado,Punto cerca de Av. Horacio y La Martine,1.5,27.37,18.19,"['CC', 'METRO', 'TROLE']",moderado
scenario_mb,MB (BRT),Punto cerca de Anillo de Circunvalación - Miguel Negrete_Punto cerca de Av. de los Pinos y Av. Francisco Morazán,Punto cerca de Anillo de Circunvalación - Miguel Negrete,Punto cerca de Av. de los Pinos y Av. Francisco Morazán,1.5,10.93,7.28,"['RTP', 'CC', 'METRO']",moderado
scenario_mb,MB (BRT),Punto cerca de Circuito Interior - Eje 2 Norte_Punto cerca de Chicle y Azafrán,Punto cerca de Circuito Interior - Eje 2 Norte,Punto cerca de Chicle y Azafrán,1.51,13.02,8.64,"['CC', 'METRO', 'MB']",moderado
scenario_mb,MB (BRT),Punto cerca de Av. Nuevo León y Canal de la Rosa_Punto cerca de Vía Adolfo López Mateos y Gobernador Sánchez Colin,Punto cerca de Av. Nuevo León y Canal de la Rosa,Punto cerca de Vía Adolfo López Mateos y Gobernador Sánchez Colin,1.51,41.77,27.69,"['CC', 'TL', 'RTP', 'METRO', 'MB', 'TROLE']",moderado
scenario_mb,MB (BRT),Punto cerca de Rio Mixcoac y Insurgentes_Punto cerca de Eje 1 Norte Av. del Trabajo - Jardineros,Punto cerca de Rio Mixcoac y Insurgentes,Punto cerca de Eje 1 Norte Av. del Trabajo - Jardineros,1.51,15.5,10.28,"['CC', 'TROLE', 'METRO']",moderado
scenario_mb,MB (BRT),Punto cerca de Camarones_Punto cerca de Av. de los Pinos y Volcán Popocatépetl,Punto cerca de Camarones,Punto cerca de Av. de los Pinos y Volcán Popocatépetl,1.52,19.28,12.65,"['TROLE', 'CC', 'METRO']",moderado
scenario_mb,MB (BRT),Punto cerca de Periférico - Eje 7 Sur Benvenuto Cellini_Punto cerca de Calz. Ignacio Zaragoza - Calle 6,Punto cerca de Periférico - Eje 7 Sur Benvenuto Cellini,Punto cerca de Calz. Ignacio Zaragoza - Calle 6,1.52,21.29,14.03,"['CC', 'TROLE', 'METRO', 'RTP']",moderado
scenario_mb,MB (BRT),Punto cerca de Plaza Merced Abasto - Central de Abasto_Punto cerca de Guadalupe Inclan Ramírez - Prol. División del Norte,Punto cerca de Plaza Merced Abasto - Central de Abasto,Punto cerca de Guadalupe Inclan Ramírez - Prol. División del Norte,1.52,19.33,12.69,"['RTP', 'CC', 'MB']",moderado
scenario_mb,MB (BRT),Punto cerca de Carlos Echanove_Punto cerca de Piraña - Tintorera,Punto cerca de Carlos Echanove,Punto cerca de Piraña - Tintorera,1.52,36.41,24.02,"['RTP', 'METRO', 'TROLE', 'MB']",moderado
scenario_mb,MB (BRT),Punto cerca de Vista Hermosa_Punto cerca de Av. Camaron - Manuel J. Tello,Punto cerca de Vista Hermosa,Punto cerca de Av. Camaron - Manuel J. Tello,1.54,21.25,13.79,"['MB', 'RTP']",moderado
scenario_mb,MB (BRT),Punto cerca de Taxímetros_Punto cerca de Anillo Periférico Blvd. Adolfo López Mateos - Papalote,Punto cerca de Taxímetros,Punto cerca de Anillo Periférico Blvd. Adolfo López Mateos - Papalote,1.54,23.67,15.33,"['RTP', 'METRO', 'TROLE']",moderado
scenario_mb,MB (BRT),Punto cerca de Estadio Azteca_Punto cerca de Fuente de Loreto - Batallon Chautla,Punto cerca de Estadio Azteca,Punto cerca de Fuente de Loreto - Batallon Chautla,1.54,21.92,14.26,"['RTP', 'MB']",moderado
scenario_mb,MB (BRT),Punto cerca de Ixtlixochitl_Punto cerca de Base Anillo Periférico Canal de San Juan,Punto cerca de Ixtlixochitl,Punto cerca de Base Anillo Periférico Canal de San Juan,1.54,20.49,13.27,"['TROLE', 'METRO', 'MB', 'CC']",moderado
scenario_mb,MB (BRT),Punto cerca de Miguel Schultz - Sullivan_Punto cerca de Eje 6 Sur Av. de las Torres - Vicente Guerrero,Punto cerca de Miguel Schultz - Sullivan,Punto cerca de Eje 6 Sur Av. de las Torres - Vicente Guerrero,1.55,25.39,16.39,"['RTP', 'CC', 'MB', 'METRO', 'TROLE']",moderado
scenario_mb,MB (BRT),Punto cerca de Canal de Miramontes y Calle H MZ X_Punto cerca de Rosa María Sequeira - Manuela Cañizares,Punto cerca de Canal de Miramontes y Calle H MZ X,Punto cerca de Rosa María Sequeira - Manuela Cañizares,1.56,3.93,2.53,['CC'],moderado
scenario_mb,MB (BRT),Punto cerca de Juárez_Punto cerca de Barranca del Muerto,Punto cerca de Juárez,Punto cerca de Barranca del Muerto,1.57,13.94,8.87,"['MB', 'METRO', 'RTP']",moderado
scenario_mb,MB (BRT),Punto cerca de San Lázaro Sur_Punto cerca de Av. Chapultepec - Metro Cuauhtémoc,Punto cerca de San Lázaro Sur,Punto cerca de Av. Chapultepec - Metro Cuauhtémoc,1.57,6.61,4.22,"['MB', 'CC', 'METRO', 'RTP']",moderado
scenario_mb,MB (BRT),Punto cerca de Copilco_Punto cerca de Av. Tláhuac - Zaragoza,Punto cerca de Copilco,Punto cerca de Av. Tláhuac - Zaragoza,1.57,17.38,11.04,"['RTP', 'METRO', 'TROLE']",moderado
scenario_mb,MB (BRT),Punto cerca de Parque Vía - Hernández Covarruvias_Punto cerca de Vía Morelos,Punto cerca de Parque Vía - Hernández Covarruvias,Punto cerca de Vía Morelos,1.58,21.68,13.75,"['RTP', 'TROLE', 'MB', 'MEXIBÚS']",moderado
scenario_mb,MB (BRT),Punto cerca de Antiguo Camino a San Pedro - Melchor Ocampo_Punto cerca de Villa Franqueza - Villa C,Punto cerca de Antiguo Camino a San Pedro - Melchor Ocampo,Punto cerca de Villa Franqueza - Villa C,1.59,22.09,13.91,"['CC', 'MB', 'CBB', 'RTP']",moderado
scenario_mb,MB (BRT),Punto cerca de Guty Cardenas_Punto cerca de Paseo de las Palmas - Sierra Aconcagua,Punto cerca de Guty Cardenas,Punto cerca de Paseo de las Palmas - Sierra Aconcagua,1.59,29.25,18.44,"['RTP', 'METRO', 'CC']",moderado
scenario_mb,MB (BRT),Punto cerca de Pico de Turquino_Punto cerca de Av. Tláhuac - Santa Cruz,Punto cerca de Pico de Turquino,Punto cerca de Av. Tláhuac - Santa Cruz,1.6,26.07,16.26,"['RTP', 'METRO', 'TROLE']",moderado
scenario_mb,MB (BRT),Punto cerca de Donizetti_Punto cerca de Av. Tláhuac - Jacobo Watt,Punto cerca de Donizetti,Punto cerca de Av. Tláhuac - Jacobo Watt,1.6,23.65,14.83,"['TROLE', 'RTP', 'METRO', 'CC']",moderado
scenario_mb,MB (BRT),Punto cerca de Pista de Calentamiento II_Punto cerca de Calzada Guadalupe,Punto cerca de Pista de Calentamiento II,Punto cerca de Calzada Guadalupe,1.61,30.57,19.02,"['PUMABUS', 'CC', 'METRO', 'RTP']",alto
scenario_mb,MB (BRT),Punto cerca de Iman - Aztecas_Punto cerca de Paseo de la Reforma - Monte Blanco,Punto cerca de Iman - Aztecas,Punto cerca de Paseo de la Reforma - Monte Blanco,1.62,21.47,13.21,"['CC', 'TROLE', 'METRO', 'RTP']",alto
scenario_mb,MB (BRT),Punto cerca de Sobre Av. División del Norte y Anillo de Circunvalación_Punto cerca de Rio Churubusco y Estetas,Punto cerca de Sobre Av. División del Norte y Anillo de Circunvalación,Punto cerca de Rio Churubusco y Estetas,1.63,10.47,6.41,"['CC', 'TROLE', 'METRO', 'RTP']",alto
scenario_mb,MB (BRT),Punto cerca de Palmitas - Salvador Allende_Punto cerca de Anillo Periférico Sur - Miguel Cabrera,Punto cerca de Palmitas - Salvador Allende,Punto cerca de Anillo Periférico Sur - Miguel Cabrera,1.63,28.7,17.65,"['RTP', 'TROLE', 'METRO', 'MB']",alto
scenario_mb,MB (BRT),Punto cerca de Calzada de La Virgen - Av. Carlota Armero_Punto cerca de Av. Carlos Hank González - Celestes (Jacarandas),Punto cerca de Calzada de La Virgen - Av. Carlota Armero,Punto cerca de Av. Carlos Hank González - Celestes (Jacarandas),1.64,18.02,11.0,"['CC', 'MB', 'METRO', 'TROLE', 'RTP']",alto
scenario_mb,MB (BRT),Punto cerca de Sobre Av. Nuevo León y Campeche_Punto cerca de Honorable Congreso de la Unión - Hortelanos,Punto cerca de Sobre Av. Nuevo León y Campeche,Punto cerca de Honorable Congreso de la Unión - Hortelanos,1.64,11.1,6.75,"['CC', 'MB', 'METRO', 'TROLE', 'RTP']",alto
scenario_mb,MB (BRT),Punto cerca de La Huerta - Nuevo León_Punto cerca de Centro Médico,Punto cerca de La Huerta - Nuevo León,Punto cerca de Centro Médico,1.65,31.7,19.17,"['RTP', 'CC', 'TL', 'METRO']",alto
scenario_mb,MB (BRT),Punto cerca de Av. 3 - Río Atoyac_Punto cerca de Juan Antonio Mateos - Topacio,Punto cerca de Av. 3 - Río Atoyac,Punto cerca de Juan Antonio Mateos - Topacio,1.66,20.68,12.42,"['CC', 'METRO', 'MB', 'RTP']",alto
scenario_mb,MB (BRT),Punto cerca de Blvd. Manuel Avila C. y Campos Eliseos_Punto cerca de El Queso,Punto cerca de Blvd. Manuel Avila C. y Campos Eliseos,Punto cerca de El Queso,1.67,17.31,10.36,"['CC', 'METRO', 'MB', 'TROLE']",alto
scenario_mb,MB (BRT),Punto cerca de Xochimilco_Punto cerca de Av. Río Churubusco,Punto cerca de Xochimilco,Punto cerca de Av. Río Churubusco,1.68,19.55,11.67,"['RTP', 'METRO', 'TROLE']",alto
scenario_mb,MB (BRT),Punto cerca de Tamazula y Héroe de Nacozari_Punto cerca de Montes Urales - Volcán,Punto cerca de Tamazula y Héroe de Nacozari,Punto cerca de Montes Urales - Volcán,1.68,26.6,15.8,"['CC', 'METRO', 'TROLE', 'RTP']",alto
scenario_mb,MB (BRT),Punto cerca de Av. Contreras - Redención_Punto cerca de Sonora,Punto cerca de Av. Contreras - Redención,Punto cerca de Sonora,1.68,18.75,11.14,"['RTP', 'METRO', 'CC', 'TROLE']",alto
scenario_mb,MB (BRT),Punto cerca de Tlalpan - San Simón_Punto cerca de Eje 1 Norte Fuerza Aérea Mexicana - Aeropuerto Terminal 2,Punto cerca de Tlalpan - San Simón,Punto cerca de Eje 1 Norte Fuerza Aérea Mexicana - Aeropuerto Terminal 2,1.68,13.79,8.19,"['CC', 'METRO']",alto
scenario_mb,MB (BRT),Punto cerca de Puerto de Veracruz_Punto cerca de Av. Santa Rosa,Punto cerca de Puerto de Veracruz,Punto cerca de Av. Santa Rosa,1.68,31.77,18.94,"['RTP', 'METRO', 'TROLE', 'SUB', 'CC']",alto
scenario_mb,MB (BRT),Punto cerca de Carretera Xochimilco-San Pablo - El Tanque_Punto cerca de Frente a Facultad de Odontología,Punto cerca de Carretera Xochimilco-San Pablo - El Tanque,Punto cerca de Frente a Facultad de Odontología,1.69,15.15,8.95,['RTP'],alto
scenario_mb,MB (BRT),Punto cerca de Constitución de Apatzingan y frente a la panadería León_Punto cerca de Massenet,Punto cerca de Constitución de Apatzingan y frente a la panadería León,Punto cerca de Massenet,1.69,20.29,12.02,"['CC', 'RTP', 'METRO', 'MB', 'TROLE']",alto
scenario_mb,MB (BRT),Punto cerca de Eje 1 Norte Rayón - Aztecas_Punto cerca de Cerro de los Conejos,Punto cerca de Eje 1 Norte Rayón - Aztecas,Punto cerca de Cerro de los Conejos,1.69,22.97,13.62,"['RTP', 'METRO', 'CC']",alto
scenario_mb,MB (BRT),Punto cerca de Eje 4 Norte Av. 510 - Emiliano Zapata_Punto cerca de Av. Tláhuac - Magdaleno Ita,Punto cerca de Eje 4 Norte Av. 510 - Emiliano Zapata,Punto cerca de Av. Tláhuac - Magdaleno Ita,1.7,33.03,19.47,"['CC', 'METRO', 'RTP', 'MB']",alto
scenario_mb,MB (BRT),Punto cerca de Sur 16 y Oriente 239_Punto cerca de Grecia - Venecia,Punto cerca de Sur 16 y Oriente 239,Punto cerca de Grecia - Venecia,1.7,22.75,13.39,"['CC', 'RTP', 'METRO']",alto
scenario_mb,MB (BRT),Punto cerca de Av. Las Flores_Punto cerca de Río Churubusco y Av. Te,Punto cerca de Av. Las Flores,Punto cerca de Río Churubusco y Av. Te,1.71,19.79,11.54,"['CC', 'METRO']",alto
scenario_mb,MB (BRT),Punto cerca de Rio Churubusco y Ex Hacienda de Guadalupe_Punto cerca de Ventisca,Punto cerca de Rio Churubusco y Ex Hacienda de Guadalupe,Punto cerca de Ventisca,1.72,31.85,18.55,"['CC', 'METRO', 'SUB']",alto
scenario_mb,MB (BRT),Punto cerca de Av. Santa Ana - Retorno 22_Punto cerca de Jacobo Watt - Av. Tláhuac,Punto cerca de Av. Santa Ana - Retorno 22,Punto cerca de Jacobo Watt - Av. Tláhuac,1.72,4.71,2.74,"['CC', 'METRO']",alto
scenario_mb,MB (BRT),Punto cerca de Punto 117_Punto cerca de Thiers y Darwin,Punto cerca de Punto 117,Punto cerca de Thiers y Darwin,1.72,22.79,13.29,"['CC', 'SUB', 'METRO']",alto
scenario_mb,MB (BRT),Punto cerca de Centenario - Morelos_Punto cerca de Tlalpan - Periferico,Punto cerca de Centenario - Morelos,Punto cerca de Tlalpan - Periferico,1.74,39.9,22.88,"['RTP', 'MB', 'METRO', 'CC', 'TL']",alto
scenario_mb,MB (BRT),Punto cerca de C. 11 y Benito Juárez_Punto cerca de Altavista,Punto cerca de C. 11 y Benito Juárez,Punto cerca de Altavista,1.74,25.48,14.65,"['CC', 'TL', 'RTP', 'MB']",alto
scenario_mb,MB (BRT),Punto cerca de General Antonio Rosales_Punto cerca de Carretera Federal a Cuernavaca - Km 36.5 Ciclopista,Punto cerca de General Antonio Rosales,Punto cerca de Carretera Federal a Cuernavaca - Km 36.5 Ciclopista,1.76,46.43,26.36,"['RTP', 'METRO']",alto
scenario_mb,MB (BRT),Punto cerca de Rio Churubusco y  Centro Comercial_Punto cerca de Marisol,Punto cerca de Rio Churubusco y  Centro Comercial,Punto cerca de Marisol,1.79,23.59,13.16,"['CC', 'MB', 'METRO', 'RTP']",alto
scenario_mb,MB (BRT),Punto cerca de Emiliano Zapata - Constitución_Punto cerca de Carretera San Pablo-Xochimilco - Av. Xochimilco,Punto cerca de Emiliano Zapata - Constitución,Punto cerca de Carretera San Pablo-Xochimilco - Av. Xochimilco,1.79,1.44,0.81,['RTP'],alto
scenario_mb,MB (BRT),Punto cerca de Av. Valle de las Zapatas y Calle 2_Punto cerca de Tlalpan - Metro Villa de Cortes,Punto cerca de Av. Valle de las Zapatas y Calle 2,Punto cerca de Tlalpan - Metro Villa de Cortes,1.8,24.33,13.51,"['CC', 'MB', 'METRO']",alto
scenario_mb,MB (BRT),Punto cerca de Circuito Interior - Metro Eduardo Molina_Punto cerca de 3ra. Cda. De Potrero de Tepito,Punto cerca de Circuito Interior - Metro Eduardo Molina,Punto cerca de 3ra. Cda. De Potrero de Tepito,1.8,38.2,21.27,"['RTP', 'METRO', 'TROLE', 'CC', 'MB']",alto
scenario_mb,MB (BRT),Punto cerca de Parotas - Acoxoloapan_Punto cerca de Palomas,Punto cerca de Parotas - Acoxoloapan,Punto cerca de Palomas,1.8,51.7,28.76,"['RTP', 'METRO', 'MB', 'MEXIBÚS']",alto
scenario_mb,MB (BRT),Punto cerca de Punto 104_Punto cerca de Jacarandas,Punto cerca de Punto 104,Punto cerca de Jacarandas,1.81,38.4,21.22,"['CC', 'SUB', 'METRO', 'TROLE', 'RTP']",alto
scenario_mb,MB (BRT),Punto cerca de Lorenzo Boturini - Cucurpe_Punto cerca de Investigaciones Jurídicas 2,Punto cerca de Lorenzo Boturini - Cucurpe,Punto cerca de Investigaciones Jurídicas 2,1.82,23.58,12.93,"['CC', 'MB', 'METRO', 'RTP', 'TROLE', 'PUMABUS']",alto
scenario_mb,MB (BRT),Punto cerca de Periférico - J. F. Kennedy_Punto cerca de Paseo de las Palmas - MontaNas Rocallosas,Punto cerca de Periférico - J. F. Kennedy,Punto cerca de Paseo de las Palmas - MontaNas Rocallosas,1.83,24.66,13.49,"['CC', 'MB', 'TROLE', 'METRO', 'RTP']",alto
scenario_mb,MB (BRT),Punto cerca de Av. 508 - Av. 535_Punto cerca de Norte 92 y Henry Ford,Punto cerca de Av. 508 - Av. 535,Punto cerca de Norte 92 y Henry Ford,1.85,2.26,1.22,['CC'],alto
scenario_mb,MB (BRT),Punto cerca de Av. Constituyentes - UVM_Punto cerca de Copilco,Punto cerca de Av. Constituyentes - UVM,Punto cerca de Copilco,1.85,16.15,8.72,"['RTP', 'METRO']",alto
scenario_mb,MB (BRT),Punto cerca de Av. Revolución_Punto cerca de Periférico - Telecomunicaciones,Punto cerca de Av. Revolución,Punto cerca de Periférico - Telecomunicaciones,1.86,26.96,14.48,"['RTP', 'METRO', 'CC']",alto
scenario_mb,MB (BRT),Punto cerca de Veracruz_Punto cerca de Reforma - Andador 2,Punto cerca de Veracruz,Punto cerca de Reforma - Andador 2,1.89,56.92,30.18,"['MEXIBÚS', 'MB', 'METRO', 'TROLE', 'CC']",alto
scenario_mb,MB (BRT),Punto cerca de Revolución y José María Velazco_Punto cerca de Periférico - Cafetales,Punto cerca de Revolución y José María Velazco,Punto cerca de Periférico - Cafetales,1.92,21.71,11.31,"['CC', 'METRO', 'MB', 'RTP']",alto
scenario_mb,MB (BRT),Punto cerca de Terminal Metro Zapata_Punto cerca de Av. Santa Fe - Enrique del Moral,Punto cerca de Terminal Metro Zapata,Punto cerca de Av. Santa Fe - Enrique del Moral,1.96,22.27,11.38,"['RTP', 'METRO', 'TROLE', 'CC', 'MB']",alto
scenario_mb,MB (BRT),Punto cerca de Av. del Árbol - Alhelí_Punto cerca de Herreros - Tapiceria,Punto cerca de Av. del Árbol - Alhelí,Punto cerca de Herreros - Tapiceria,1.97,29.27,14.85,"['CC', 'METRO', 'TROLE', 'MB', 'RTP']",alto
scenario_mb,MB (BRT),Punto cerca de Puente de Alvarado - Metro Revolución_Punto cerca de Prolongación Paseo de los Laureles,Punto cerca de Puente de Alvarado - Metro Revolución,Punto cerca de Prolongación Paseo de los Laureles,1.98,26.38,13.35,"['CC', 'METRO', 'RTP']",alto
scenario_mb,MB (BRT),Punto cerca de Calz. Olivar de los Padres_Punto cerca de Rectoría,Punto cerca de Calz. Olivar de los Padres,Punto cerca de Rectoría,1.98,10.89,5.49,"['RTP', 'CC', 'PUMABUS']",alto
scenario_mb,MB (BRT),Punto cerca de Cebada_Punto cerca de Lago Caneguín - Lago Viedma,Punto cerca de Cebada,Punto cerca de Lago Caneguín - Lago Viedma,1.99,17.4,8.73,"['RTP', 'METRO', 'CC']",alto
scenario_mb,MB (BRT),Punto cerca de Andrés Molina y Juana de Arco_Punto cerca de Laguna de Mayrán,Punto cerca de Andrés Molina y Juana de Arco,Punto cerca de Laguna de Mayrán,2.02,15.73,7.79,"['CC', 'METRO', 'TROLE']",critico
scenario_mb,MB (BRT),Punto cerca de Carrtera Federal  a Cuernavaca - Km 24.5 Terrazas_Punto cerca de Periférico - Plaza Santa Teresa,Punto cerca de Carrtera Federal  a Cuernavaca - Km 24.5 Terrazas,Punto cerca de Periférico - Plaza Santa Teresa,2.03,18.65,9.19,"['RTP', 'MB', 'CC']",critico
scenario_mb,MB (BRT),Punto cerca de Politécnico Poniente_Punto cerca de Presa Solis y Legaria,Punto cerca de Politécnico Poniente,Punto cerca de Presa Solis y Legaria,2.05,18.83,9.17,"['TROLE', 'METRO', 'CC']",critico
scenario_mb,MB (BRT),Punto cerca de Xochimilco San Pablo Topilejo - Reforma_Punto cerca de Emiliano Zapata - Cuauhtémoc,Punto cerca de Xochimilco San Pablo Topilejo - Reforma,Punto cerca de Emiliano Zapata - Cuauhtémoc,2.05,0.93,0.45,"['CC', 'RTP']",critico
scenario_mb,MB (BRT),Punto cerca de Industria_Punto cerca de Tolnáhuac,Punto cerca de Industria,Punto cerca de Tolnáhuac,2.06,13.25,6.42,"['TROLE', 'MB', 'METRO']",critico
scenario_mb,MB (BRT),Punto cerca de Paseo de la Reforma - Sierra Ixtlan_Punto cerca de Anillo Periférico Sur - Fernando Girardon,Punto cerca de Paseo de la Reforma - Sierra Ixtlan,Punto cerca de Anillo Periférico Sur - Fernando Girardon,2.06,10.14,4.92,"['RTP', 'CC', 'MB']",critico
scenario_mb,MB (BRT),Punto cerca de Oriente 162 - Norte 33_Punto cerca de Congreso de la Unión y Carretones,Punto cerca de Oriente 162 - Norte 33,Punto cerca de Congreso de la Unión y Carretones,2.08,6.1,2.94,"['RTP', 'METRO', 'CC']",critico
scenario_mb,MB (BRT),Punto cerca de Gobernador Darío López y Nuevo México_Punto cerca de Zapotitos - Nicaragua,Punto cerca de Gobernador Darío López y Nuevo México,Punto cerca de Zapotitos - Nicaragua,2.08,41.11,19.74,"['CC', 'MB', 'METRO', 'TROLE', 'RTP']",critico
scenario_mb,MB (BRT),Punto cerca de México Norte y Michoacán Ote._Punto cerca de Felipe Ángeles - 15 de Septiembre,Punto cerca de México Norte y Michoacán Ote.,Punto cerca de Felipe Ángeles - 15 de Septiembre,2.08,38.19,18.4,"['CC', 'RTP', 'MB', 'TROLE']",critico
scenario_mb,MB (BRT),Punto cerca de Edif. 6 ESIQIE_Punto cerca de Tercera Cerrada de Bahía,Punto cerca de Edif. 6 ESIQIE,Punto cerca de Tercera Cerrada de Bahía,2.08,39.9,19.17,"['TROLE', 'METRO', 'CC', 'RTP']",critico
scenario_mb,MB (BRT),Punto cerca de Deportivo Los Galeana_Punto cerca de Punto 63,Punto cerca de Deportivo Los Galeana,Punto cerca de Punto 63,2.13,17.38,8.15,"['TROLE', 'CC', 'METRO']",critico
scenario_mb,MB (BRT),Punto cerca de Camino de San Juan de Aragón_Punto cerca de Platanales,Punto cerca de Camino de San Juan de Aragón,Punto cerca de Platanales,2.15,20.74,9.64,"['TROLE', 'MB', 'METRO', 'RTP']",critico
scenario_mb,MB (BRT),Punto cerca de Oriente 217 y Calle 30_Punto cerca de Canal de Miramontes y Nardos,Punto cerca de Oriente 217 y Calle 30,Punto cerca de Canal de Miramontes y Nardos,2.15,20.43,9.52,"['CC', 'METRO', 'RTP']",critico
scenario_mb,MB (BRT),Punto cerca de Av. 5 y Sarabia_Punto cerca de Sobre Av. División del Norte y Xola,Punto cerca de Av. 5 y Sarabia,Punto cerca de Sobre Av. División del Norte y Xola,2.16,16.18,7.51,"['CC', 'METRO', 'MB']",critico
scenario_mb,MB (BRT),Punto cerca de Francisco Goytia - Gladiolas_Punto cerca de Cerro Acasulco,Punto cerca de Francisco Goytia - Gladiolas,Punto cerca de Cerro Acasulco,2.17,26.53,12.23,"['RTP', 'MB', 'METRO', 'TROLE']",critico
scenario_mb,MB (BRT),Punto cerca de Priv. de León Loyola y CETRAM Tepalcates_Punto cerca de Popocatépetl,Punto cerca de Priv. de León Loyola y CETRAM Tepalcates,Punto cerca de Popocatépetl,2.17,24.73,11.37,"['CC', 'RTP', 'METRO', 'TROLE']",critico
scenario_mb,MB (BRT),Punto cerca de Eje 5 Sur Av. Circunvalación - Miguel Hidalgo_Punto cerca de Estacionamiento 6,Punto cerca de Eje 5 Sur Av. Circunvalación - Miguel Hidalgo,Punto cerca de Estacionamiento 6,2.22,37.74,17.03,"['RTP', 'METRO', 'CC', 'PUMABUS']",critico
scenario_mb,MB (BRT),Punto cerca de Casilda_Punto cerca de Av. 18 Fernando Amilpa,Punto cerca de Casilda,Punto cerca de Av. 18 Fernando Amilpa,2.23,13.53,6.06,"['RTP', 'MB']",critico
scenario_mb,MB (BRT),Punto cerca de San Bartolo - Río Parana_Punto cerca de Ruben Dario,Punto cerca de San Bartolo - Río Parana,Punto cerca de Ruben Dario,2.25,20.15,8.95,"['CC', 'METRO', 'RTP']",critico
scenario_mb,MB (BRT),Punto cerca de Hospital Infantil La Villa_Punto cerca de Anillo Periférico Blvd. Adolfo Lopez Mateos - General Sostenes Rocha,Punto cerca de Hospital Infantil La Villa,Punto cerca de Anillo Periférico Blvd. Adolfo Lopez Mateos - General Sostenes Rocha,2.26,27.56,12.2,"['MB', 'TROLE', 'METRO', 'RTP']",critico
scenario_mb,MB (BRT),Punto cerca de Av. 583_Punto cerca de Acatitlán,Punto cerca de Av. 583,Punto cerca de Acatitlán,2.36,30.72,12.99,"['RTP', 'METRO', 'TROLE']",critico
scenario_mb,MB (BRT),Punto cerca de Prol. Div. Del Norte y Tierra y Libertad_Punto cerca de 5 de Mayo - Niños Héroes,Punto cerca de Prol. Div. Del Norte y Tierra y Libertad,Punto cerca de 5 de Mayo - Niños Héroes,2.47,12.11,4.91,"['CC', 'RTP', 'MB']",critico
scenario_mb,MB (BRT),Punto cerca de Morelos_Punto cerca de Lago Alberto y Lago Xochimilco,Punto cerca de Morelos,Punto cerca de Lago Alberto y Lago Xochimilco,2.63,16.88,6.41,"['METRO', 'CC', 'TROLE']",critico
scenario_mb,MB (BRT),Punto cerca de Sobre  Dr. Balmis y Dr. J. M. Vertiz_Punto cerca de Circuito Interior - Fancisco Pimentel,Punto cerca de Sobre  Dr. Balmis y Dr. J. M. Vertiz,Punto cerca de Circuito Interior - Fancisco Pimentel,2.73,9.4,3.45,"['CC', 'METRO', 'RTP']",critico
scenario_mb,MB (BRT),Punto cerca de Av. Sonora - Insurgentes_Punto cerca de Miguel de Cervantes S. y Moliere,Punto cerca de Av. Sonora - Insurgentes,Punto cerca de Miguel de Cervantes S. y Moliere,3.27,15.49,4.74,"['CC', 'MB', 'METRO', 'RTP']",critico
scenario_mb,MB (BRT),Punto cerca de Querétaro_Punto cerca de De Los Virreyes - Montes Himalaya,Punto cerca de Querétaro,Punto cerca de De Los Virreyes - Montes Himalaya,3.34,17.28,5.17,"['TROLE', 'METRO', 'RTP', 'CC']",critico
scenario_mb,MB (BRT),Punto cerca de Av. Popocatepetl - División del Norte_Punto cerca de Morelos,Punto cerca de Av. Popocatepetl - División del Norte,Punto cerca de Morelos,7.95,10.3,1.3,"['RTP', 'METRO', 'TROLE', 'MB']",critico
scenario_mb,MB (BRT),Punto cerca de Granjas - Salomón_Punto cerca de Tochitli y Santo Domingo,Punto cerca de Granjas - Salomón,Punto cerca de Tochitli y Santo Domingo,13.41,27.45,2.05,"['RTP', 'METRO', 'CC', 'MB']",critico
