escenario,escenario_label,dimension,banda,orden_banda,n_nodos,pct
baseline,Red Actual,banda_dominante,critico,0.0,11045,99.37
baseline,Red Actual,banda_dominante,debil,1.0,68,0.61
baseline,Red Actual,banda_dominante,aceptable,2.0,2,0.02
baseline,Red Actual,fc_banda,critico,0.0,8449,76.01
baseline,Red Actual,fc_banda,debil,1.0,2531,22.77
baseline,Red Actual,fc_banda,aceptable,2.0,126,1.13
baseline,Red Actual,fc_banda,idoneo,3.0,9,0.08
baseline,Red Actual,b_banda,critico,0.0,10513,94.58
baseline,Red Actual,b_banda,no_disponible,,505,4.54
baseline,Red Actual,b_banda,debil,1.0,81,0.73
baseline,Red Actual,b_banda,aceptable,2.0,14,0.13
baseline,Red Actual,b_banda,idoneo,3.0,2,0.02
mb,Anillo MB,banda_dominante,critico,0.0,11138,99.37
mb,Anillo MB,banda_dominante,debil,1.0,69,0.62
mb,Anillo MB,banda_dominante,aceptable,2.0,2,0.02
mb,Anillo MB,fc_banda,critico,0.0,8494,75.78
mb,Anillo MB,fc_banda,debil,1.0,2574,22.96
mb,Anillo MB,fc_banda,aceptable,2.0,132,1.18
mb,Anillo MB,fc_banda,idoneo,3.0,9,0.08
mb,Anillo MB,b_banda,critico,0.0,10608,94.64
mb,Anillo MB,b_banda,no_disponible,,502,4.48
mb,Anillo MB,b_banda,debil,1.0,86,0.77
mb,Anillo MB,b_banda,aceptable,2.0,11,0.1
mb,Anillo MB,b_banda,idoneo,3.0,2,0.02
metro,Anillo Metro,banda_dominante,critico,0.0,11125,99.25
metro,Anillo Metro,banda_dominante,debil,1.0,82,0.73
metro,Anillo Metro,banda_dominante,aceptable,2.0,2,0.02
metro,Anillo Metro,fc_banda,critico,0.0,8497,75.81
metro,Anillo Metro,fc_banda,debil,1.0,2571,22.94
metro,Anillo Metro,fc_banda,aceptable,2.0,132,1.18
metro,Anillo Metro,fc_banda,idoneo,3.0,9,0.08
metro,Anillo Metro,b_banda,critico,0.0,10521,93.86
metro,Anillo Metro,b_banda,no_disponible,,502,4.48
metro,Anillo Metro,b_banda,debil,1.0,132,1.18
metro,Anillo Metro,b_banda,aceptable,2.0,42,0.37
metro,Anillo Metro,b_banda,idoneo,3.0,12,0.11
