escenario_destino,escenario_label,dimension,banda_origen,banda_destino,n_nodos,cambia
mb,Anillo MB,banda_dominante,aceptable,aceptable,2,False
mb,Anillo MB,banda_dominante,critico,critico,11041,False
mb,Anillo MB,banda_dominante,critico,debil,4,True
mb,Anillo MB,banda_dominante,debil,critico,6,True
mb,Anillo MB,banda_dominante,debil,debil,62,False
mb,Anillo MB,banda_dominante,nuevo,critico,91,True
mb,Anillo MB,banda_dominante,nuevo,debil,3,True
mb,Anillo MB,fc_banda,aceptable,aceptable,126,False
mb,Anillo MB,fc_banda,critico,critico,8416,False
mb,Anillo MB,fc_banda,critico,debil,33,True
mb,Anillo MB,fc_banda,debil,aceptable,6,True
mb,Anillo MB,fc_banda,debil,debil,2525,False
mb,Anillo MB,fc_banda,idoneo,idoneo,9,False
mb,Anillo MB,fc_banda,nuevo,critico,78,True
mb,Anillo MB,fc_banda,nuevo,debil,16,True
metro,Anillo Metro,banda_dominante,aceptable,aceptable,2,False
metro,Anillo Metro,banda_dominante,critico,critico,11034,False
metro,Anillo Metro,banda_dominante,critico,debil,11,True
metro,Anillo Metro,banda_dominante,debil,critico,10,True
metro,Anillo Metro,banda_dominante,debil,debil,58,False
metro,Anillo Metro,banda_dominante,nuevo,critico,81,True
metro,Anillo Metro,banda_dominante,nuevo,debil,13,True
metro,Anillo Metro,fc_banda,aceptable,aceptable,126,False
metro,Anillo Metro,fc_banda,critico,critico,8416,False
metro,Anillo Metro,fc_banda,critico,debil,33,True
metro,Anillo Metro,fc_banda,debil,aceptable,6,True
metro,Anillo Metro,fc_banda,debil,debil,2525,False
metro,Anillo Metro,fc_banda,idoneo,idoneo,9,False
metro,Anillo Metro,fc_banda,nuevo,critico,81,True
metro,Anillo Metro,fc_banda,nuevo,debil,13,True
